DROP DATABASE IF EXISTS `pig`;

CREATE DATABASE  `pig` DEFAULT CHARACTER SET utf8mb4 COLLATE utf8mb4_general_ci;

SET NAMES utf8mb4;
SET FOREIGN_KEY_CHECKS = 0;

USE `pig`;

-- ----------------------------
-- Table structure for sys_dept
-- ----------------------------
DROP TABLE IF EXISTS `sys_dept`;
CREATE TABLE `sys_dept` (
  `dept_id` int(20) NOT NULL AUTO_INCREMENT,
  `name` varchar(50) DEFAULT NULL COMMENT '部门名称',
  `sort` int(11) DEFAULT '0' COMMENT '排序',
  `create_time` datetime DEFAULT CURRENT_TIMESTAMP COMMENT '创建时间',
  `update_time` datetime DEFAULT NULL ON UPDATE CURRENT_TIMESTAMP COMMENT '修改时间',
  `del_flag` char(1) DEFAULT '0' COMMENT '是否删除  -1：已删除  0：正常',
  `parent_id` int(11) DEFAULT NULL,
  PRIMARY KEY (`dept_id`)
) ENGINE=InnoDB AUTO_INCREMENT=8 DEFAULT CHARSET=utf8 ROW_FORMAT=DYNAMIC COMMENT='部门管理';

-- ----------------------------
-- Records of sys_dept
-- ----------------------------
BEGIN;
INSERT INTO `sys_dept` VALUES (1, '总经办', 0, '2020-03-13 13:13:16', '2020-03-13 13:14:31', '0', 0);
INSERT INTO `sys_dept` VALUES (2, '行政中心', 1, '2020-03-13 13:13:30', NULL, '0', 1);
INSERT INTO `sys_dept` VALUES (3, '技术中心', 2, '2020-03-13 13:14:55', NULL, '0', 1);
INSERT INTO `sys_dept` VALUES (4, '运营中心', 3, '2020-03-13 13:15:15', NULL, '0', 1);
INSERT INTO `sys_dept` VALUES (5, '研发中心', 5, '2020-03-13 13:15:34', NULL, '0', 3);
INSERT INTO `sys_dept` VALUES (6, '产品中心', 6, '2020-03-13 13:15:49', NULL, '0', 3);
INSERT INTO `sys_dept` VALUES (7, '测试中心', 7, '2020-03-13 13:16:02', NULL, '0', 3);
COMMIT;

-- ----------------------------
-- Table structure for sys_dept_relation
-- ----------------------------
DROP TABLE IF EXISTS `sys_dept_relation`;
CREATE TABLE `sys_dept_relation` (
  `ancestor` int(11) NOT NULL COMMENT '祖先节点',
  `descendant` int(11) NOT NULL COMMENT '后代节点',
  PRIMARY KEY (`ancestor`,`descendant`),
  KEY `idx1` (`ancestor`),
  KEY `idx2` (`descendant`)
) ENGINE=InnoDB DEFAULT CHARSET=latin1 ROW_FORMAT=DYNAMIC COMMENT='部门关系表';

-- ----------------------------
-- Records of sys_dept_relation
-- ----------------------------
BEGIN;
INSERT INTO `sys_dept_relation` VALUES (1, 1);
INSERT INTO `sys_dept_relation` VALUES (1, 2);
INSERT INTO `sys_dept_relation` VALUES (1, 3);
INSERT INTO `sys_dept_relation` VALUES (1, 4);
INSERT INTO `sys_dept_relation` VALUES (1, 5);
INSERT INTO `sys_dept_relation` VALUES (1, 6);
INSERT INTO `sys_dept_relation` VALUES (1, 7);
INSERT INTO `sys_dept_relation` VALUES (2, 2);
INSERT INTO `sys_dept_relation` VALUES (3, 3);
INSERT INTO `sys_dept_relation` VALUES (3, 5);
INSERT INTO `sys_dept_relation` VALUES (3, 6);
INSERT INTO `sys_dept_relation` VALUES (3, 7);
INSERT INTO `sys_dept_relation` VALUES (4, 4);
INSERT INTO `sys_dept_relation` VALUES (5, 5);
INSERT INTO `sys_dept_relation` VALUES (6, 6);
INSERT INTO `sys_dept_relation` VALUES (7, 7);
COMMIT;

-- ----------------------------
-- Table structure for sys_dict
-- ----------------------------
DROP TABLE IF EXISTS `sys_dict`;
CREATE TABLE `sys_dict` (
  `id` int(20) NOT NULL AUTO_INCREMENT COMMENT '编号',
  `type` varchar(100) CHARACTER SET utf8mb4 COLLATE utf8mb4_general_ci DEFAULT NULL,
  `description` varchar(100) CHARACTER SET utf8mb4 COLLATE utf8mb4_general_ci DEFAULT NULL,
  `create_time` datetime NOT NULL DEFAULT CURRENT_TIMESTAMP COMMENT '创建时间',
  `update_time` datetime NOT NULL DEFAULT CURRENT_TIMESTAMP ON UPDATE CURRENT_TIMESTAMP COMMENT '更新时间',
  `remarks` varchar(255) CHARACTER SET utf8mb4 COLLATE utf8mb4_general_ci DEFAULT NULL,
  `system` char(1) CHARACTER SET utf8mb4 COLLATE utf8mb4_general_ci DEFAULT '0',
  `del_flag` char(1) CHARACTER SET utf8mb4 COLLATE utf8mb4_general_ci DEFAULT '0',
  PRIMARY KEY (`id`) USING BTREE,
  KEY `sys_dict_del_flag` (`del_flag`) USING BTREE
) ENGINE=InnoDB AUTO_INCREMENT=3 DEFAULT CHARSET=utf8mb4 COLLATE=utf8mb4_general_ci COMMENT='字典表';

-- ----------------------------
-- Records of sys_dict
-- ----------------------------
BEGIN;
INSERT INTO `sys_dict` VALUES (1, 'dict_type', '字典类型', '2019-05-16 14:16:20', '2019-05-16 14:20:16', '系统类不能修改', '1', '0');
INSERT INTO `sys_dict` VALUES (2, 'log_type', '日志类型', '2020-03-13 14:21:01', '2020-03-13 14:21:01', '0-正常 1 异常', '1', '0');
COMMIT;

-- ----------------------------
-- Table structure for sys_dict_item
-- ----------------------------
DROP TABLE IF EXISTS `sys_dict_item`;
CREATE TABLE `sys_dict_item` (
  `id` int(20) NOT NULL AUTO_INCREMENT COMMENT '编号',
  `dict_id` int(11) NOT NULL,
  `value` varchar(100) CHARACTER SET utf8mb4 COLLATE utf8mb4_general_ci DEFAULT NULL,
  `label` varchar(100) CHARACTER SET utf8mb4 COLLATE utf8mb4_general_ci DEFAULT NULL,
  `type` varchar(100) CHARACTER SET utf8mb4 COLLATE utf8mb4_general_ci DEFAULT NULL,
  `description` varchar(100) CHARACTER SET utf8mb4 COLLATE utf8mb4_general_ci DEFAULT NULL,
  `sort` int(10) NOT NULL DEFAULT '0' COMMENT '排序（升序）',
  `create_time` datetime NOT NULL DEFAULT CURRENT_TIMESTAMP COMMENT '创建时间',
  `update_time` datetime NOT NULL DEFAULT CURRENT_TIMESTAMP ON UPDATE CURRENT_TIMESTAMP COMMENT '更新时间',
  `remarks` varchar(255) CHARACTER SET utf8mb4 COLLATE utf8mb4_general_ci DEFAULT NULL,
  `del_flag` char(1) CHARACTER SET utf8mb4 COLLATE utf8mb4_general_ci DEFAULT '0',
  PRIMARY KEY (`id`) USING BTREE,
  KEY `sys_dict_value` (`value`) USING BTREE,
  KEY `sys_dict_label` (`label`) USING BTREE,
  KEY `sys_dict_del_flag` (`del_flag`) USING BTREE
) ENGINE=InnoDB AUTO_INCREMENT=5 DEFAULT CHARSET=utf8mb4 COLLATE=utf8mb4_general_ci COMMENT='字典项';

-- ----------------------------
-- Records of sys_dict_item
-- ----------------------------
BEGIN;
INSERT INTO `sys_dict_item` VALUES (1, 1, '1', '系统类', 'dict_type', '系统类字典', 0, '2019-05-16 14:20:40', '2019-05-16 14:20:40', '不能修改删除', '0');
INSERT INTO `sys_dict_item` VALUES (2, 1, '0', '业务类', 'dict_type', '业务类字典', 0, '2019-05-16 14:20:59', '2019-05-16 14:20:59', '可以修改', '0');
INSERT INTO `sys_dict_item` VALUES (3, 2, '0', '正常', 'log_type', '正常', 0, '2020-03-13 14:23:22', '2020-03-13 14:23:22', '正常', '0');
INSERT INTO `sys_dict_item` VALUES (4, 2, '9', '异常', 'log_type', '异常', 1, '2020-03-13 14:23:35', '2020-03-13 14:23:35', '异常', '0');
COMMIT;

-- ----------------------------
-- Table structure for sys_log
-- ----------------------------
DROP TABLE IF EXISTS `sys_log`;
CREATE TABLE `sys_log` (
  `id` bigint(64) NOT NULL AUTO_INCREMENT COMMENT '编号',
  `type` char(1) DEFAULT '1' COMMENT '日志类型',
  `title` varchar(255) DEFAULT '' COMMENT '日志标题',
  `service_id` varchar(32) DEFAULT NULL COMMENT '服务ID',
  `create_by` varchar(64) DEFAULT NULL COMMENT '创建者',
  `create_time` datetime DEFAULT CURRENT_TIMESTAMP COMMENT '创建时间',
  `update_time` datetime DEFAULT NULL ON UPDATE CURRENT_TIMESTAMP COMMENT '更新时间',
  `remote_addr` varchar(255) DEFAULT NULL COMMENT '操作IP地址',
  `user_agent` varchar(1000) DEFAULT NULL COMMENT '用户代理',
  `request_uri` varchar(255) DEFAULT NULL COMMENT '请求URI',
  `method` varchar(10) DEFAULT NULL COMMENT '操作方式',
  `params` text COMMENT '操作提交的数据',
  `time` mediumtext COMMENT '执行时间',
  `del_flag` char(1) DEFAULT '0' COMMENT '删除标记',
  `exception` text COMMENT '异常信息',
  PRIMARY KEY (`id`),
  KEY `sys_log_create_by` (`create_by`),
  KEY `sys_log_request_uri` (`request_uri`),
  KEY `sys_log_type` (`type`),
  KEY `sys_log_create_date` (`create_time`)
) ENGINE=InnoDB DEFAULT CHARSET=utf8 ROW_FORMAT=DYNAMIC COMMENT='日志表';

-- ----------------------------
-- Table structure for sys_menu
-- ----------------------------
DROP TABLE IF EXISTS `sys_menu`;
CREATE TABLE `sys_menu` (
    `menu_id` int(11) NOT NULL AUTO_INCREMENT COMMENT '菜单ID',
    `name` varchar(32) NOT NULL COMMENT '菜单名称',
    `permission` varchar(32) DEFAULT NULL COMMENT '菜单权限标识',
    `path` varchar(128) DEFAULT NULL COMMENT '前端URL',
    `parent_id` int(11) DEFAULT NULL COMMENT '父菜单ID',
    `icon` varchar(32) DEFAULT NULL COMMENT '图标',
    `component` varchar(64) DEFAULT NULL COMMENT 'VUE页面',
    `sort` int(11) NOT NULL DEFAULT '1' COMMENT '排序值',
    `keep_alive` char(1) DEFAULT '0' COMMENT '0-开启，1- 关闭',
    `type` char(1) DEFAULT NULL COMMENT '菜单类型 （0菜单 1按钮）',
    `create_time` datetime DEFAULT CURRENT_TIMESTAMP COMMENT '创建时间',
    `update_time` datetime DEFAULT NULL ON UPDATE CURRENT_TIMESTAMP COMMENT '更新时间',
    `del_flag` char(1) DEFAULT '0' COMMENT '逻辑删除标记(0--正常 1--删除)',
    PRIMARY KEY (`menu_id`)
) ENGINE=InnoDB AUTO_INCREMENT=10000 DEFAULT CHARSET=utf8 ROW_FORMAT=DYNAMIC COMMENT='菜单权限表';

-- ----------------------------
-- Records of sys_menu
-- ----------------------------
BEGIN;
INSERT INTO `sys_menu` VALUES (1000, '权限管理', NULL, '/admin', -1, 'icon-quanxianguanli', NULL, 0, '0', '0', '2018-09-28 08:29:53', '2020-03-11 23:58:18', '0');
INSERT INTO `sys_menu` VALUES (1100, '用户管理', NULL, '/admin/user/index', 1000, 'icon-yonghuguanli', NULL, 1, '0', '0', '2017-11-02 22:24:37', '2020-03-12 00:12:57', '0');
INSERT INTO `sys_menu` VALUES (1101, '用户新增', 'sys_user_add', NULL, 1100, NULL, NULL, 1, '0', '1', '2017-11-08 09:52:09', '2021-05-25 06:48:34', '0');
INSERT INTO `sys_menu` VALUES (1102, '用户修改', 'sys_user_edit', NULL, 1100, NULL, NULL, 1, '0', '1', '2017-11-08 09:52:48', '2021-05-25 06:48:34', '0');
INSERT INTO `sys_menu` VALUES (1103, '用户删除', 'sys_user_del', NULL, 1100, NULL, NULL, 1, '0', '1', '2017-11-08 09:54:01', '2021-05-25 06:48:34', '0');
INSERT INTO `sys_menu` VALUES (1200, '菜单管理', NULL, '/admin/menu/index', 1000, 'icon-caidanguanli', NULL, 2, '0', '0', '2017-11-08 09:57:27', '2020-03-12 00:13:52', '0');
INSERT INTO `sys_menu` VALUES (1201, '菜单新增', 'sys_menu_add', NULL, 1200, NULL, NULL, 1, '0', '1', '2017-11-08 10:15:53', '2021-05-25 06:48:34', '0');
INSERT INTO `sys_menu` VALUES (1202, '菜单修改', 'sys_menu_edit', NULL, 1200, NULL, NULL, 1, '0', '1', '2017-11-08 10:16:23', '2021-05-25 06:48:34', '0');
INSERT INTO `sys_menu` VALUES (1203, '菜单删除', 'sys_menu_del', NULL, 1200, NULL, NULL, 1, '0', '1', '2017-11-08 10:16:43', '2021-05-25 06:48:34', '0');
INSERT INTO `sys_menu` VALUES (1300, '角色管理', NULL, '/admin/role/index', 1000, 'icon-jiaoseguanli', NULL, 3, '0', '0', '2017-11-08 10:13:37', '2020-03-12 00:15:40', '0');
INSERT INTO `sys_menu` VALUES (1301, '角色新增', 'sys_role_add', NULL, 1300, NULL, NULL, 1, '0', '1', '2017-11-08 10:14:18', '2021-05-25 06:48:34', '0');
INSERT INTO `sys_menu` VALUES (1302, '角色修改', 'sys_role_edit', NULL, 1300, NULL, NULL, 1, '0', '1', '2017-11-08 10:14:41', '2021-05-25 06:48:34', '0');
INSERT INTO `sys_menu` VALUES (1303, '角色删除', 'sys_role_del', NULL, 1300, NULL, NULL, 1, '0', '1', '2017-11-08 10:14:59', '2021-05-25 06:48:34', '0');
INSERT INTO `sys_menu` VALUES (1304, '分配权限', 'sys_role_perm', NULL, 1300, NULL, NULL, 1, '0', '1', '2018-04-20 07:22:55', '2021-05-25 06:48:34', '0');
INSERT INTO `sys_menu` VALUES (1400, '部门管理', NULL, '/admin/dept/index', 1000, 'icon-web-icon-', NULL, 4, '0', '0', '2018-01-20 13:17:19', '2020-03-12 00:15:44', '0');
INSERT INTO `sys_menu` VALUES (1401, '部门新增', 'sys_dept_add', NULL, 1400, NULL, NULL, 1, '0', '1', '2018-01-20 14:56:16', '2021-05-25 06:48:34', '0');
INSERT INTO `sys_menu` VALUES (1402, '部门修改', 'sys_dept_edit', NULL, 1400, NULL, NULL, 1, '0', '1', '2018-01-20 14:56:59', '2021-05-25 06:48:34', '0');
INSERT INTO `sys_menu` VALUES (1403, '部门删除', 'sys_dept_del', NULL, 1400, NULL, NULL, 1, '0', '1', '2018-01-20 14:57:28', '2021-05-25 06:48:34', '0');
INSERT INTO `sys_menu` VALUES (2000, '系统管理', NULL, '/setting', -1, 'icon-xitongguanli', NULL, 1, '0', '0', '2017-11-07 20:56:00', '2020-03-11 23:52:53', '0');
INSERT INTO `sys_menu` VALUES (2100, '日志管理', NULL, '/admin/log/index', 2000, 'icon-rizhiguanli', NULL, 5, '0', '0', '2017-11-20 14:06:22', '2020-03-12 00:15:49', '0');
INSERT INTO `sys_menu` VALUES (2101, '日志删除', 'sys_log_del', NULL, 2100, NULL, NULL, 1, '0', '1', '2017-11-20 20:37:37', '2021-05-25 06:48:34', '0');
INSERT INTO `sys_menu` VALUES (2200, '字典管理', NULL, '/admin/dict/index', 2000, 'icon-navicon-zdgl', NULL, 6, '0', '0', '2017-11-29 11:30:52', '2020-03-12 00:15:58', '0');
INSERT INTO `sys_menu` VALUES (2201, '字典删除', 'sys_dict_del', NULL, 2200, NULL, NULL, 1, '0', '1', '2017-11-29 11:30:11', '2021-05-25 06:48:34', '0');
INSERT INTO `sys_menu` VALUES (2202, '字典新增', 'sys_dict_add', NULL, 2200, NULL, NULL, 1, '0', '1', '2018-05-11 22:34:55', '2021-05-25 06:48:34', '0');
INSERT INTO `sys_menu` VALUES (2203, '字典修改', 'sys_dict_edit', NULL, 2200, NULL, NULL, 1, '0', '1', '2018-05-11 22:36:03', '2021-05-25 06:48:34', '0');
INSERT INTO `sys_menu` VALUES (2300, '令牌管理', NULL, '/admin/token/index', 2000, 'icon-denglvlingpai', NULL, 11, '0', '0', '2018-09-04 05:58:41', '2020-03-13 12:57:25', '0');
INSERT INTO `sys_menu` VALUES (2301, '令牌删除', 'sys_token_del', NULL, 2300, NULL, NULL, 1, '0', '1', '2018-09-04 05:59:50', '2020-03-13 12:57:34', '0');
INSERT INTO `sys_menu` VALUES (2400, '终端管理', '', '/admin/client/index', 2000, 'icon-shouji', NULL, 9, '0', '0', '2018-01-20 13:17:19', '2020-03-12 00:15:54', '0');
INSERT INTO `sys_menu` VALUES (2401, '客户端新增', 'sys_client_add', NULL, 2400, '1', NULL, 1, '0', '1', '2018-05-15 21:35:18', '2021-05-25 06:48:34', '0');
INSERT INTO `sys_menu` VALUES (2402, '客户端修改', 'sys_client_edit', NULL, 2400, NULL, NULL, 1, '0', '1', '2018-05-15 21:37:06', '2021-05-25 06:48:34', '0');
INSERT INTO `sys_menu` VALUES (2403, '客户端删除', 'sys_client_del', NULL, 2400, NULL, NULL, 1, '0', '1', '2018-05-15 21:39:16', '2021-05-25 06:48:34', '0');
INSERT INTO `sys_menu` VALUES (2500, '服务监控', NULL, 'http://localhost:5001', 2000, 'icon-server', NULL, 10, '0', '0', '2018-06-26 10:50:32', '2019-02-01 20:41:30', '0');
INSERT INTO `sys_menu` VALUES (3000, '开发平台', NULL, '/gen', -1, 'icon-shejiyukaifa-', NULL, 3, '1', '0', '2020-03-11 22:15:40', '2020-03-11 23:52:54', '0');
INSERT INTO `sys_menu` VALUES (3100, '数据源管理', NULL, '/gen/datasource', 3000, 'icon-mysql', NULL, 1, '1', '0', '2020-03-11 22:17:05', '2020-03-12 00:16:09', '0');
INSERT INTO `sys_menu` VALUES (3200, '代码生成', NULL, '/gen/index', 3000, 'icon-weibiaoti46', NULL, 2, '0', '0', '2020-03-11 22:23:42', '2020-03-12 00:16:14', '0');
INSERT INTO `sys_menu` VALUES (3300, '表单管理', NULL, '/gen/form', 3000, 'icon-record', NULL, 3, '1', '0', '2020-03-11 22:19:32', '2020-03-12 00:16:18', '0');
INSERT INTO `sys_menu` VALUES (3301, '表单新增', 'gen_form_add', NULL, 3300, '', NULL, 0, '0', '1', '2018-05-15 21:35:18', '2020-03-11 22:39:08', '0');
INSERT INTO `sys_menu` VALUES (3302, '表单修改', 'gen_form_edit', NULL, 3300, '', NULL, 1, '0', '1', '2018-05-15 21:35:18', '2020-03-11 22:39:09', '0');
INSERT INTO `sys_menu` VALUES (3303, '表单删除', 'gen_form_del', NULL, 3300, '', NULL, 2, '0', '1', '2018-05-15 21:35:18', '2020-03-11 22:39:11', '0');
INSERT INTO `sys_menu` VALUES (3400, '表单设计', NULL, '/gen/design', 3000, 'icon-biaodanbiaoqian', NULL, 4, '1', '0', '2020-03-11 22:18:05', '2020-03-12 00:16:25', '0');
INSERT INTO `sys_menu` VALUES (9999, '系统官网', NULL, 'https://pig4cloud.com/#/', -1, 'icon-guanwangfangwen', NULL, 9, '0', '0', '2019-01-17 17:05:19', '2020-03-11 23:52:57', '0');
COMMIT;

-- ----------------------------
-- Table structure for sys_oauth_client_details
-- ----------------------------
DROP TABLE IF EXISTS `sys_oauth_client_details`;
CREATE TABLE `sys_oauth_client_details` (
  `client_id` varchar(32) NOT NULL,
  `resource_ids` varchar(256) DEFAULT NULL,
  `client_secret` varchar(256) DEFAULT NULL,
  `scope` varchar(256) DEFAULT NULL,
  `authorized_grant_types` varchar(256) DEFAULT NULL,
  `web_server_redirect_uri` varchar(256) DEFAULT NULL,
  `authorities` varchar(256) DEFAULT NULL,
  `access_token_validity` int(11) DEFAULT NULL,
  `refresh_token_validity` int(11) DEFAULT NULL,
  `additional_information` varchar(4096) DEFAULT NULL,
  `autoapprove` varchar(256) DEFAULT NULL,
  PRIMARY KEY (`client_id`)
) ENGINE=InnoDB DEFAULT CHARSET=utf8mb4 COLLATE=utf8mb4_general_ci ROW_FORMAT=DYNAMIC COMMENT='终端信息表';

-- ----------------------------
-- Records of sys_oauth_client_details
-- ----------------------------
BEGIN;
INSERT INTO `sys_oauth_client_details` VALUES ('app', NULL, 'app', 'server', 'password,refresh_token', NULL, NULL, NULL, NULL, NULL, 'true');
INSERT INTO `sys_oauth_client_details` VALUES ('daemon', NULL, 'daemon', 'server', 'password,refresh_token', NULL, NULL, NULL, NULL, NULL, 'true');
INSERT INTO `sys_oauth_client_details` VALUES ('gen', NULL, 'gen', 'server', 'password,refresh_token', NULL, NULL, NULL, NULL, NULL, 'true');
INSERT INTO `sys_oauth_client_details` VALUES ('pig', NULL, 'pig', 'server', 'password,refresh_token,authorization_code,client_credentials', 'http://localhost:4040/sso1/login,http://localhost:4041/sso1/login', NULL, NULL, NULL, NULL, 'true');
INSERT INTO `sys_oauth_client_details` VALUES ('test', NULL, 'test', 'server', 'password,refresh_token', NULL, NULL, NULL, NULL, NULL, 'true');
COMMIT;

-- ----------------------------
-- Table structure for sys_role
-- ----------------------------
DROP TABLE IF EXISTS `sys_role`;
CREATE TABLE `sys_role` (
  `role_id` int(11) NOT NULL AUTO_INCREMENT,
  `role_name` varchar(64) CHARACTER SET utf8mb4 COLLATE utf8mb4_general_ci NOT NULL,
  `role_code` varchar(64) CHARACTER SET utf8mb4 COLLATE utf8mb4_general_ci NOT NULL,
  `role_desc` varchar(255) CHARACTER SET utf8mb4 COLLATE utf8mb4_general_ci DEFAULT NULL,
  `create_time` datetime NOT NULL DEFAULT CURRENT_TIMESTAMP,
  `update_time` datetime NULL DEFAULT NULL ON UPDATE CURRENT_TIMESTAMP,
  `del_flag` char(1) CHARACTER SET utf8mb4 COLLATE utf8mb4_general_ci DEFAULT '0' COMMENT '删除标识（0-正常,1-删除）',
  PRIMARY KEY (`role_id`),
  UNIQUE KEY `role_idx1_role_code` (`role_code`)
) ENGINE=InnoDB AUTO_INCREMENT=5 DEFAULT CHARSET=utf8mb4 COLLATE=utf8mb4_general_ci ROW_FORMAT=DYNAMIC COMMENT='系统角色表';

-- ----------------------------
-- Records of sys_role
-- ----------------------------
BEGIN;
INSERT INTO `sys_role` VALUES (1, '管理员', 'ROLE_ADMIN', '管理员', '2017-10-29 15:45:51', '2018-12-26 14:09:11', '0');
COMMIT;

-- ----------------------------
-- Table structure for sys_role_menu
-- ----------------------------
DROP TABLE IF EXISTS `sys_role_menu`;
CREATE TABLE `sys_role_menu` (
  `role_id` int(11) NOT NULL COMMENT '角色ID',
  `menu_id` int(11) NOT NULL COMMENT '菜单ID',
  PRIMARY KEY (`role_id`,`menu_id`)
) ENGINE=InnoDB DEFAULT CHARSET=utf8 ROW_FORMAT=DYNAMIC COMMENT='角色菜单表';

-- ----------------------------
-- Records of sys_role_menu
-- ----------------------------
BEGIN;
INSERT INTO `sys_role_menu` VALUES (1, 1000);
INSERT INTO `sys_role_menu` VALUES (1, 1100);
INSERT INTO `sys_role_menu` VALUES (1, 1101);
INSERT INTO `sys_role_menu` VALUES (1, 1102);
INSERT INTO `sys_role_menu` VALUES (1, 1103);
INSERT INTO `sys_role_menu` VALUES (1, 1200);
INSERT INTO `sys_role_menu` VALUES (1, 1201);
INSERT INTO `sys_role_menu` VALUES (1, 1202);
INSERT INTO `sys_role_menu` VALUES (1, 1203);
INSERT INTO `sys_role_menu` VALUES (1, 1300);
INSERT INTO `sys_role_menu` VALUES (1, 1301);
INSERT INTO `sys_role_menu` VALUES (1, 1302);
INSERT INTO `sys_role_menu` VALUES (1, 1303);
INSERT INTO `sys_role_menu` VALUES (1, 1304);
INSERT INTO `sys_role_menu` VALUES (1, 1400);
INSERT INTO `sys_role_menu` VALUES (1, 1401);
INSERT INTO `sys_role_menu` VALUES (1, 1402);
INSERT INTO `sys_role_menu` VALUES (1, 1403);
INSERT INTO `sys_role_menu` VALUES (1, 2000);
INSERT INTO `sys_role_menu` VALUES (1, 2100);
INSERT INTO `sys_role_menu` VALUES (1, 2101);
INSERT INTO `sys_role_menu` VALUES (1, 2200);
INSERT INTO `sys_role_menu` VALUES (1, 2201);
INSERT INTO `sys_role_menu` VALUES (1, 2202);
INSERT INTO `sys_role_menu` VALUES (1, 2203);
INSERT INTO `sys_role_menu` VALUES (1, 2300);
INSERT INTO `sys_role_menu` VALUES (1, 2301);
INSERT INTO `sys_role_menu` VALUES (1, 2400);
INSERT INTO `sys_role_menu` VALUES (1, 2401);
INSERT INTO `sys_role_menu` VALUES (1, 2402);
INSERT INTO `sys_role_menu` VALUES (1, 2403);
INSERT INTO `sys_role_menu` VALUES (1, 2500);
INSERT INTO `sys_role_menu` VALUES (1, 3000);
INSERT INTO `sys_role_menu` VALUES (1, 3100);
INSERT INTO `sys_role_menu` VALUES (1, 3200);
INSERT INTO `sys_role_menu` VALUES (1, 3300);
INSERT INTO `sys_role_menu` VALUES (1, 3301);
INSERT INTO `sys_role_menu` VALUES (1, 3302);
INSERT INTO `sys_role_menu` VALUES (1, 3303);
INSERT INTO `sys_role_menu` VALUES (1, 3400);
INSERT INTO `sys_role_menu` VALUES (1, 9999);
COMMIT;

-- ----------------------------
-- Table structure for sys_user
-- ----------------------------
DROP TABLE IF EXISTS `sys_user`;
CREATE TABLE `sys_user` (
  `user_id` int(11) NOT NULL AUTO_INCREMENT COMMENT '主键ID',
  `username` varchar(64) CHARACTER SET utf8mb4 COLLATE utf8mb4_general_ci NOT NULL COMMENT '用户名',
  `password` varchar(255) CHARACTER SET utf8mb4 COLLATE utf8mb4_general_ci NOT NULL,
  `salt` varchar(255) CHARACTER SET utf8mb4 COLLATE utf8mb4_general_ci DEFAULT NULL COMMENT '随机盐',
  `phone` varchar(20) CHARACTER SET utf8mb4 COLLATE utf8mb4_general_ci DEFAULT NULL COMMENT '简介',
  `avatar` varchar(255) CHARACTER SET utf8mb4 COLLATE utf8mb4_general_ci DEFAULT NULL COMMENT '头像',
  `dept_id` int(11) DEFAULT NULL COMMENT '部门ID',
  `create_time` datetime NULL DEFAULT CURRENT_TIMESTAMP COMMENT '创建时间',
  `update_time` datetime NULL DEFAULT NULL ON UPDATE CURRENT_TIMESTAMP COMMENT '修改时间',
  `lock_flag` char(1) CHARACTER SET utf8mb4 COLLATE utf8mb4_general_ci DEFAULT '0' COMMENT '0-正常，9-锁定',
  `del_flag` char(1) CHARACTER SET utf8mb4 COLLATE utf8mb4_general_ci DEFAULT '0' COMMENT '0-正常，1-删除',
   nick_name   varchar(128) charset utf8          null comment '用户昵称',
    mem_id      int                                null comment '会员ID'
  PRIMARY KEY (`user_id`),
  KEY `user_idx1_username` (`username`)
) ENGINE=InnoDB AUTO_INCREMENT=2 DEFAULT CHARSET=utf8mb4 COLLATE=utf8mb4_general_ci ROW_FORMAT=DYNAMIC COMMENT='用户表';

-- ----------------------------
-- Records of sys_user
-- ----------------------------
BEGIN;
INSERT INTO `sys_user` VALUES (1, 'admin', '$2a$10$RpFJjxYiXdEsAGnWp/8fsOetMuOON96Ntk/Ym2M/RKRyU0GZseaDC', NULL, '17034642999', '', 1, '2018-04-20 07:15:18', '2019-01-31 14:29:07', '0', '0');
COMMIT;

/*
 * Copyright (c) 2020 pig4cloud Authors. All Rights Reserved.
 *
 * Licensed under the Apache License, Version 2.0 (the "License");
 * you may not use this file except in compliance with the License.
 * You may obtain a copy of the License at
 *
 *     http://www.apache.org/licenses/LICENSE-2.0
 *
 * Unless required by applicable law or agreed to in writing, software
 * distributed under the License is distributed on an "AS IS" BASIS,
 * WITHOUT WARRANTIES OR CONDITIONS OF ANY KIND, either express or implied.
 * See the License for the specific language governing permissions and
 * limitations under the License.
 */

-- ----------------------------
-- Table structure for sys_user_role
-- ----------------------------
DROP TABLE IF EXISTS `sys_user_role`;
CREATE TABLE `sys_user_role` (
  `user_id` int(11) NOT NULL COMMENT '用户ID',
  `role_id` int(11) NOT NULL COMMENT '角色ID',
  PRIMARY KEY (`user_id`,`role_id`)
) ENGINE=InnoDB DEFAULT CHARSET=utf8 ROW_FORMAT=DYNAMIC COMMENT='用户角色表';

-- ----------------------------
-- Records of sys_user_role
-- ----------------------------
BEGIN;
INSERT INTO `sys_user_role` VALUES (1, 1);
COMMIT;

SET FOREIGN_KEY_CHECKS = 1;
